https://pseudot.org/
https://blog.pseudot.org/
http://blog.pseudot.org/
https://blog.pseudot.org/posts/pseudopost-8/pseudopost-8.html
https://blog.pseudot.org/posts/pseudopost-7/pseudopost-7.html
https://blog.pseudot.org/posts/pseudopost-6/pseudopost-6.html
https://blog.pseudot.org/posts/pseudopost-5/pseudopost-5.html
https://blog.pseudot.org/posts/pseudopost-4/pseudopost-4.html
https://blog.pseudot.org/posts/pseudopost-3/pseudopost-3.html
https://blog.pseudot.org/posts/pseudopost-2/pseudopost-2.html
https://blog.pseudot.org/posts/pseudopost-1/pseudopost-1.html
https://blog.pseudot.org/posts/exerci%C8%9Biu-de-scriere-0/exerci%C8%9Biu-de-scriere-0.html
https://blog.pseudot.org/posts/ho-iniziato-a-imparare-litaliano/ho-iniziato-a-imparare-litaliano.html
https://blog.pseudot.org/posts/are-you-the-lead-in-your-story/are-you-the-lead-in-your-story.html
https://blog.pseudot.org/posts/rebonjour/rebonjour.html
https://blog.pseudot.org/posts/vaslui/vaslui.html
https://blog.pseudot.org/posts/botosani/botosani.html
http://blog.pseudot.org/posts/vaslui/vaslui.html
http://blog.pseudot.org/posts/botosani/botosani.html
https://memes.pseudot.org/
http://memes.pseudot.org/
http://memes.pseudot.org/posts/vaslui/vaslui.html
http://memes.pseudot.org/posts/botosani/botosani.html
https://programming.pseudot.org/
http://programming.pseudot.org/
https://programming.pseudot.org/posts/how-does-a-markdown-compiler-work-coming-out-soon/how-does-a-markdown-compiler-work-coming-out-soon.html
https://programming.pseudot.org/posts/music-logging-using-mpc/music-logging-using-mpc.html
https://programming.pseudot.org/posts/inmultire-de-matrici-folosind-map-reduce/inmultire-de-matrici-folosind-map-reduce.html
http://programming.pseudot.org/posts/vaslui/vaslui.html
http://programming.pseudot.org/posts/botosani/botosani.html
https://books.pseudot.org/
http://books.pseudot.org/
https://books.pseudot.org/posts/moby-dick-herman-melville/moby-dick-herman-melville.html
https://books.pseudot.org/posts/De%20grandes%20esperances/grandesperances.html
http://books.pseudot.org/posts/De%20grandes%20esperances/grandesperances.html
https://photos.pseudot.org/
http://photos.pseudot.org/
http://photos.pseudot.org/posts/vaslui/vaslui.html
http://photos.pseudot.org/posts/botosani/botosani.html
https://music.pseudot.org/
http://music.pseudot.org/
http://music.pseudot.org/posts/vaslui/vaslui.html
http://music.pseudot.org/posts/botosani/botosani.html
https://drawing.pseudot.org/
http://drawing.pseudot.org/
http://drawing.pseudot.org/posts/vaslui/vaslui.html
http://drawing.pseudot.org/posts/botosani/botosani.html
https://uc.pseudot.org/
http://uc.pseudot.org/
https://uc.pseudot.org/posts/ce-obosit-sunt/ce-obosit-sunt.html
https://uc.pseudot.org/posts/another-daria-thing/another-daria-thing.html
https://uc.pseudot.org/posts/the-history-of-classical-music-revised/the-history-of-classical-music-revised.html
https://uc.pseudot.org/posts/History-of-classical-music/History-of-classical-music.html
http://uc.pseudot.org/posts/vaslui/vaslui.html
http://uc.pseudot.org/posts/botosani/botosani.html
